target_name,normalized_target,count,example_tradeItemIds
Alicia,alicia,0,
Amazing Magic,amazing magic,2,bd7fa4cb-b137-4f9f-a22c-2b00c33690f7;65b4363f-4bed-4cdd-81ef-a363c8e2f910
Ariya,ariya,1,dd32aa16-1746-401c-9128-d60c0bfb206b
Azore,azore,3,b4a969ce-7fb4-488e-aa48-53f6f10ee07c;ad6cec92-e98c-4686-ad42-61be20ebc281;d7832d2c-6980-45de-910c-a621bd9d1ded
Bandolero,bandolero,3,cd0ed6b9-0d73-4121-bdc1-eeaae48dde82;6dd2eb1c-a4ac-443d-b03c-c6cc1630925b;7d3415c7-0611-4a22-bc67-f463f1312006
Barbados,barbados,1,635f4186-f609-4b0b-bbae-2cefb1e30519
Bellalinda Bricks,bellalinda bricks,0,
Bellalinda Cerise,bellalinda cerise,2,32590c1b-06c1-408a-9b35-ea1ddf8e7df9;d555d209-2001-4ffa-a3c8-a6b58197f96d
Bellalinda Mostaza,bellalinda mostaza,0,
Bombastic,bombastic,0,
Cherry Blossom,cherry blossom,0,
Cheyenne,cheyenne,2,138aefff-35f5-43c5-9963-88b1b37a8910;e9d5ded1-a3b7-4707-b367-cae76d6915d2
Classic Sensation,classic sensation,3,3863f3a3-8039-49a3-8942-cad9f4d9eac4;d49a3ab3-8fad-4de9-a43b-dafc9f75bfb5;060883f5-c1fd-4c66-a086-b7d1591a23db
Dima Bombastic,dima bombastic,0,
Dinara,dinara,3,36883715-8b4b-449a-974d-f2e6b8222888;92d82e14-5eda-499d-8468-3f16b45c9314;99e28bd7-1cd5-4d84-a2b1-60efaa4c91e5
Dominica,dominica,0,
Eye Liner,eye liner,0,
Eyeliner,eyeliner,3,074263e9-a251-4abb-96c6-454aed4902d7;a0fa64ec-2523-4b0e-b9a8-4acc4ef24a9e;9347ba34-c0bd-42ee-82e3-9dcf3118c024
Fair Flow,fair flow,1,dd426891-c6d4-4eba-8950-3837c12829d7
Femke,femke,1,061fccf3-1dbe-4bc6-98f0-5f31c3205ad7
Fire Flash,fire flash,0,
Fireworks,fireworks,2,62af9fad-2a0a-479c-822f-44b151fa047e;aec1f3f9-1c45-4d11-8bf4-1acb71e5913e
Flinders Lane,flinders lane,1,c81fa93f-4d0b-4092-9e47-9442d4afb1a6
Giselle,giselle,2,c93f36aa-6102-4dea-89ce-b8a57be7af08;58899a6e-56cb-48d1-b3f9-1aa68b35e8b1
Good Mood,good mood,2,b97cf7ca-9efd-4f6f-97d8-88725d18ed59;36b9f93d-f639-4234-8f3b-5418d54bb40b
Green Glow,green glow,3,7a71ad2c-48aa-4cd0-b567-21d09c466563;dc8f110f-2ded-4b0c-898a-8bd424a88c74;25367ee8-428d-4a66-bc69-b7011fefb61f
Happy Wedding,happy wedding,0,
Harper,harper,0,
Holly,holly,0,
In Love,in love,0,
Inger Kristine,inger kristine,1,a1664a8d-0b11-4b79-9dba-b4a483935543
Inker Kristin,inker kristin,0,
Julieta,julieta,0,
Julieta Cerise,julieta cerise,0,
Julietta Cerise,julietta cerise,0,
Keijers Coral,keijers coral,0,
Keijsers Coral,keijsers coral,0,
Lady Bombastic,lady bombastic,2,3b1f52d1-6238-4c70-b398-709eb829c831;e53259cf-aea6-49cb-8b6a-10bb500ac628
Land of Fire,land of fire,0,
Leila,leila,0,
Lovely Harper,lovely harper,0,
Lyrica,lyrica,0,
Madam Bombastic,madam bombastic,2,afc323e3-fed8-4727-bb4b-1a6afa92a085;673d7aad-3ff2-4d2b-8040-5bfe6adad3f9
Mansfield Park,mansfield park,0,
Marisa,marisa,0,
Milky Way,milky way,0,
Mirabel,mirabel,3,0bc20b7a-54cf-40a2-b793-00207db928aa;7cef9853-1814-491d-8eb8-fc43af12dc00;6099b6ac-129d-44ba-b79a-5f21b6729fc2
Miss Bombastic,miss bombastic,2,398ab99e-a030-4cc9-b462-db9260e27174;ba8ad67f-39ce-44df-9dc8-e31e6b66e0bb
Misty Bubbles,misty bubbles,0,
Namaskar,namaskar,0,
Nikita,nikita,2,41872005-9496-433a-9cc2-9bd484dae9d6;537d894a-c3c7-4f02-8163-8e530bec7b1f
Odilia,odilia,3,33551d19-4827-4720-9dd0-7d7386c2f1cf;c0b3d688-0eba-4536-bfdb-7a0dbccb9bf9;71428412-83cc-4780-9835-fbd0a93c831e
Orange Babe,orange babe,0,
Orange Wave,orange wave,0,
Pink Dimension,pink dimension,0,
Pushkin,pushkin,0,
Radiant Rabecca,radiant rabecca,0,
Radiant Rebecca,radiant rebecca,0,
Red Trendsetter,red trendsetter,0,
Red Trophy,red trophy,0,
Reflex,reflex,3,577c1314-ed7d-4de0-9f92-15f90858b944;012d24b9-4b21-44b0-885d-dc27675310ac;bb17eeeb-7029-4902-82dd-5585aaac0a7c
Rosanella,rosanella,0,
Royal Porcellina,royal porcellina,0,
Salinero,salinero,1,8ef8754e-a588-4941-9ff9-79aa08d2c15f
Sancerre,sancerre,0,
Silver Pink,silver pink,0,
Silver Shadow,silver shadow,3,1c5237d0-dfe7-46b6-bd19-56b1a0fbbcae;c1f308ea-7ef6-4516-964b-5ea145fcb89c;968d7895-038d-4a1f-8e02-15b58b8555b3
Smashing,smashing,3,d25ad7ce-a81a-4a1d-920a-0bb9c252a8e3;7811ba28-b324-4952-93ec-b7254e98a6ad;6d9e27d7-75b9-46d0-8d4a-b08d5cbcf321
Snow Bubbles,snow bubbles,0,
Snowflake,snowflake,0,
Snowy Trendsetter,snowy trendsetter,0,
Sofie,sofie,3,7a171946-6af2-42df-92e8-1ca13fde2c3d;2212e17f-fb3f-4e3f-ae1d-a6b6fc8b890a;5d623f6f-c893-49f7-898b-7fff227bd39f
Sonora,sonora,1,9070cc29-1803-4009-b8f4-9cde9e7f377e
Summer Dance,summer dance,3,b689a646-3a3f-44ee-9009-adf88cd4b124;b3ced92f-0bc5-49b0-9e9f-f779cab05cb4;352e8feb-a88f-4701-95a7-ef6ee84e2880
Summer Rose,summer rose,0,
Sweet Giselle,sweet giselle,0,
Sweet Harper,sweet harper,0,
Sweet Sarah,sweet sarah,1,00cff5fa-8ecb-4b42-8624-16495b7cae41
Tessa,tessa,0,
Wedding Invite,wedding invite,0,
Wedding Party,wedding party,3,ec1e7bfa-21e8-4004-821c-6028a57389a0;d4369f3f-fdbb-443d-9b88-ee5f547ef577;b95d7805-5faa-46ef-b598-200d6797794e
Yellow Babe,yellow babe,0,
