tradeItemId,tradeItemName
7a171946-6af2-42df-92e8-1ca13fde2c3d,Sofie 70
1c5237d0-dfe7-46b6-bd19-56b1a0fbbcae,Silver Shadow - Length 70
8fdfce28-8105-4374-a1f0-4cdaf869af8f,Rosa Fuchsiana 40cm
78dede5c-d89e-4c12-84d5-c4fd9fbb0988,Fairflow 60
2e15c036-558f-4d19-8586-4598ac26ab36,China White
8fe04c82-1b55-49e0-825b-81dc98b9e680,Rosa Large Flowered Candidate 70cm
43dc65b9-5811-41f4-aa40-eb569530a19c,Rosa spray Snowflake 50cm
082ad35d-b9d6-4292-b798-604fd5982ef8,Rosa spray Babe
a604f827-773f-490d-ae32-0b3a5608f047,Alstroemeria Villa Massa 60cm
31d6af16-4950-44cc-9cf0-df64cb749dc8,Rosa Copacabana 50cm
cd0ed6b9-0d73-4121-bdc1-eeaae48dde82,Bandolero 50
23a49e3c-88d1-475d-8490-310fcb6c39b6,Rosa spray Summerrose
577c1314-ed7d-4de0-9f92-15f90858b944,Reflex 60
d9d3c28b-5d66-427c-b486-a77ae84496d3,Rosa High & Magic 40cm
993214c8-03dc-4890-975b-bca699487d93,Alstroemeria Gold 60cm
ed9a583d-1bdd-4e52-ac07-3521fe248262,Rosa Tropical Amazon 40cm
e174e8ce-a475-46b5-8bdd-7a955905397d,Rosa High & Magic 60cm
2fc05ffb-ee4d-4edc-9321-b0f6d4dd05f5,Rosa large flowered Thriller 50cm
41872005-9496-433a-9cc2-9bd484dae9d6,Nikita 50
1f157878-efe3-43ed-a57b-c6b0e58e0603,Leather Fern 70cm
34d5add4-a35f-43be-942c-8e72c0b21852,Rosa large flowered Ever Red 40cm
33fb393e-48af-4fee-9a5a-49cf849a82e8,Rosa Tapdance 60cm
0c63be90-77f7-4114-925a-f7a01f0597fb,Lepidium Green Dragon L70
b97cf7ca-9efd-4f6f-97d8-88725d18ed59,Good Mood 60cm
0fd16650-4b6d-47e7-b36f-b1083c0620e7,Ice Flow - Length 70
08a02beb-dd63-4427-9c96-2c175161c86d,Alstroemeria Aviana 70cm
c439a942-3e74-4b16-b9db-57f82f26ea21,Rosa large flowered Tycoon 60cm
adfd435d-23c9-49c3-a6e5-9da829b60f2d,Rosa Pink Ice 40cm
398ab99e-a030-4cc9-b462-db9260e27174,Miss Bombastic 60
1abaa749-221c-4966-ba85-cd423d6446d4,Rosa large flowered Pink Rhodos 60cm
36883715-8b4b-449a-974d-f2e6b8222888,Dinara - Length 70
c7c3595d-ade9-4e15-a7c4-256fcf3c5898,Rosa large flowered Brooke 70cm
272e5a8f-95c0-4158-8f9e-733dda988733,Rosa Madam Red 40cm
6c9cd877-04c1-42be-ac84-ea2b9a416c26,Alstroemeria Aviana 60cm
ec264ebd-21a9-4ffa-b103-0b40087a67ab,Rosa Tropical Amazon 50cm
40d370f1-6c24-4c79-bbe1-10fbc83cc53d,Rosa large flowered Explorer 50cm
d2910afe-9bce-47bc-ac8a-aa280ef88235,Rosa large flowered Explorer 60cm
f24ba362-0612-45ae-b0f3-a8e75b998c43,Spray Rose Mix box
d9849572-0156-43f3-a6d9-9759fa16bf96,Rosa Amina 50cm
71727479-4727-4115-9dcb-333c83e16d52,Rosa Confidential 50cm
5e3e4334-7b4b-4f7a-8960-bb0ac2ad5005,Belalinda Cerise 60cm
b4a969ce-7fb4-488e-aa48-53f6f10ee07c,Azore 60
00322489-9036-48d6-a660-68e31b05d81a,Rosa Aqua! 60cm
bd7fa4cb-b137-4f9f-a22c-2b00c33690f7,Amazing Magic 70
3e4f7575-afa1-4edd-8d9c-832a64efb9c6,Rosa large flowered Silantoi 40cm
f2d4ba5d-e03e-4108-9bb4-911b7966873c,Alstroemeria Villa Massa 70cm
39905323-a59c-4a53-acfd-c212c8b268b9,Rosa large flowered Madam Cerise 70cm
b2808a26-9746-424e-8b95-69c2ff97167e,Rosa spray Land of Fire 50cm
0bc20b7a-54cf-40a2-b793-00207db928aa,Mirabel - Length 70
55b06d88-0cb3-4459-bd19-ea74f5bfbcad,Rosa Moonwalk 60cm
41a43477-3ea6-4104-9685-f0df9c4bca4c,Gypsophila Xlence 70/25
2d647aa0-31e3-4568-a35f-e3e1586244a6,Rosa Red Calypso 50cm
635f4186-f609-4b0b-bbae-2cefb1e30519,Barbados 60cm
00f8acc9-6e58-4b04-947d-875ed866c695,Leather Fern 40cm
7f4f85e4-055f-455c-9f59-9629ff95d598,Ruscus
281b1433-58a5-4e02-b962-16a283efdf4a,Rosa large flowered Snowstorm+ 50cm
7a71ad2c-48aa-4cd0-b567-21d09c466563,Green Glow 60
4759ccf0-d4aa-4a86-b20b-405424772b2c,Rosa large flowered Orange Wave 60cm
12267c2e-8419-41a5-a25d-d14f3c5566d3,Rosa large flowered Ever Red 70cm
fb91992f-aa05-473a-9305-34d42d4e8d5b,Rosa Smoothie 50cm
92842a36-4f45-44c2-9804-31ac452d67c8,Zadique 50
bf06d5af-51d0-44d6-8b9e-68c405f61720,Royal Porcelina - Length 70
4740b7d1-d383-463a-a240-d9ff87f408dd,Rosa Smoothie 70cm
138aefff-35f5-43c5-9963-88b1b37a8910,Cheyenne 60
3590a621-7969-4b35-811d-6cbedfe55171,Rosa Aqua! 40cm
992d1420-452a-413d-9b54-27d7a5063fa1,Rosa large flowered Madam Cerise 50cm
2212e17f-fb3f-4e3f-ae1d-a6b6fc8b890a,Sofie 50
6c15fb05-2238-4634-94d4-b220f6f5613c,Zaddique - Length 70
29945396-21fc-49fc-adfa-15ecf7cf83cb,Rosa large flowered mixed- Length 70
d3068061-76c9-489d-8453-299b4e7d6b1d,Rosa spray Bombastic mixed in pan
ea9ee754-6811-40de-be48-e1a85e3669f1,Rosa large flowered Desert Rose 50cm
6ad9ebd4-7740-48ad-823b-5561072fd7ee,Rosa large flowered Orange Wave 50cm
a3bc16ee-f208-4fbd-8b9b-1a200420dd2a,Rosa large flowered Espana 50cm
a3560d86-f1d1-4f40-bb5a-a115db44ca7c,Rosa spray Cherokee 50cm
df6bad4e-a3e1-4130-8aba-7db61472dc86,Rosa large flowered Brooke 50cm
834ee27e-1dc2-4e66-a293-fb52967ac69b,China Passion
79174a18-ca96-404d-9ab4-02d51cc22117,Rosa spray Lyrica 80cm
dd8163ea-eab1-4c71-92be-657f282ba8e3,Ivory Flow 60
63b305f1-f7aa-40b1-b9aa-2044c1928000,Rosa spray Rosanella 50cm
6fa4aa72-fd44-4cda-a18a-a2e526ace780,Alstroemeria Lucia 70cm
b052ae02-e903-4c1b-a187-056b7ea32cec,Rosa large flowered Imani 70cm
9070cc29-1803-4009-b8f4-9cde9e7f377e,Sonora
ec1e7bfa-21e8-4004-821c-6028a57389a0,Wedding Party 60
6931f5ac-7340-4646-b1f4-fe5f8c29307a,Rosa large flowered Charlize 50cm
2b6cc9ec-17f9-4238-9c4c-d21d7f3caa81,Rosa spray Leila 70cm
94de0a6d-a4d6-4d43-8278-3928e8971a7c,Rosa Upper Class 50cm
7cef9853-1814-491d-8eb8-fc43af12dc00,Mirabel 60
dd32aa16-1746-401c-9128-d60c0bfb206b,Ariya
304aadaa-010a-472d-94c3-9349208a0a34,Alstroemeria Beluga 60cm
d851a070-b0ec-4b1c-ab62-55a4a03607e1,Snow Bubble 50
318ab6a3-d607-429f-b622-3c666bc83ed1,Lepidium Green Dragon L40
32590c1b-06c1-408a-9b35-ea1ddf8e7df9,Bellalinda Cerise 80cm
d555d209-2001-4ffa-a3c8-a6b58197f96d,Bellalinda Cerise 90cm
36b9f93d-f639-4234-8f3b-5418d54bb40b,Good Mood 50cm
ad551f33-4f1e-4d9c-80a4-02c4599e0872,Rosa large flowered Wendy Kristy 50cm
afc323e3-fed8-4727-bb4b-1a6afa92a085,Madam Bombastic 60
25c0461e-0b00-400e-b669-ac0f94a2e800,Rosa Madam Red 50cm
4c0da33e-a01f-4d4e-9783-e6de76c52a16,Rosa High & Magic 50cm
5db705ed-a1cf-458a-9747-47f6534d154b,Rosa large flowered Explorer 70cm
85028148-3ab7-4097-93ae-ba73cb342f0b,Spray Rose Mix box 70cm
5b2bbfb8-5c55-4311-ba5d-c66c379cd671,Rosa large flowered Thriller 70cm
32487739-9f3f-4f67-83e6-acd7f1af2d7f,Rosa large flowered NovaVita 70cm
522efa2c-3e09-4455-9717-c33cab4f3acc,Rosa large flowered Imani 60cm
30cf3069-5723-447f-af86-c1af17219a07,Snow Bubble 60
a722b077-baa0-49a1-b160-f34554322f70,Rosa Large Flowered Candidate 60cm
162374f2-4e6c-4fde-82f4-8b19efa6c79e,Rosa large flowered Pink Rhodos 70cm
fa3d2194-4d49-4c9e-803e-69bdf545fdc2,Gypsophila Xlence 80/30
22977ebf-60bb-4953-aaa6-3d68fe6bbc22,Rosa Tropical Amazon 60cm
6dd2eb1c-a4ac-443d-b03c-c6cc1630925b,Bandolero 60
24fd0cca-99fd-4721-b739-1755d5a650c1,Rosa Moonwalk 40cm
37a951d2-e15e-4086-80ae-dc7ea2249923,Rosa Red Calypso 40cm
92d82e14-5eda-499d-8468-3f16b45c9314,Dinara 60
33551d19-4827-4720-9dd0-7d7386c2f1cf,Odilia 60
6099b6ac-129d-44ba-b79a-5f21b6729fc2,Mirabel 50
d4f6a4ce-4937-4247-ae0a-9d06744dc490,Rosa spray Cherokee 60cm
f0b7ab4a-b19f-4c24-b0dc-315b7b98a35a,Sweet Flow 50
074263e9-a251-4abb-96c6-454aed4902d7,Eyeliner 50
537d894a-c3c7-4f02-8163-8e530bec7b1f,Nikita - Length 70
c1f308ea-7ef6-4516-964b-5ea145fcb89c,Silver Shadow 60
3b1f52d1-6238-4c70-b398-709eb829c831,Lady Bombastic 50
b5ce3267-3511-45f9-9aaf-cc7cc2f52504,Alstroemeria Mix 60cm
8ee0913c-3230-4675-80f2-791b70d8d3c2,Rosa Athena 50cm
012d24b9-4b21-44b0-885d-dc27675310ac,Reflex - Length 70
bb17eeeb-7029-4902-82dd-5585aaac0a7c,Reflex 50
db25aa7c-dad8-47d9-81c3-02d10b000a9b,Rosa Confidential 40cm
e26aa32b-ad4e-43c8-ba47-f7f995032888,Rosa large flowered Imani 50cm
65b4363f-4bed-4cdd-81ef-a363c8e2f910,Amazing Magic 60
f0e751f3-72a8-41c6-bd30-497709f97083,Rosa Athena 40cm
3be9b4c3-1d23-49ff-8728-b972a2c2e7e7,Rosa large flowered Yelloween 70cm
fb432458-a114-45bd-b48e-ea0de7d634fb,Rosa large flowered Silantoi 50cm
613ca527-08f6-40e0-bbdf-98363630c070,Ice Flow 60
8c177512-a264-4f81-b4f9-7615b793c88c,Rosa spray Marisa 50cm
5d623f6f-c893-49f7-898b-7fff227bd39f,Sofie 60
5f80b46c-1095-4b03-9149-ef6cbcaf0618,Rosa Copacabana 40cm
939c0105-a4be-4dbd-946d-9ebdc754807e,Rosa large flowered Madam Cerise 40cm
c93f36aa-6102-4dea-89ce-b8a57be7af08,Giselle 70cm
c8173a6a-270e-4d48-912c-ffac1c941e6e,Fire Works - Length 70
dd70ddb0-c6e0-4209-8f86-a19fc72a6053,Rosa spray Bombastic
bd04dd54-1dc3-48c1-89a8-7a426b5d1a4a,Leather Fern 50cm
d25ad7ce-a81a-4a1d-920a-0bb9c252a8e3,Smashing 50
6ca414bb-0338-4d4b-878d-3c95e9c453b3,Alstroemeria Lovely 60cm
4b6f729c-c087-499a-adc9-87df48b86817,Sliver Shadow 50
b25d9181-a12b-46a2-815f-0326ef501c08,Rosa large flowered Pegasso 60cm
3ae63b65-2f73-44cb-b928-37fe13aa9236,Lepidium Green Dragon L60
8c9e95c2-14ef-4ba2-9593-45843afb0f0a,Rosa spray Alicia 60cm
5b240504-9f48-4eca-b8ea-823521f9a3ea,Rosa spray Wedding Party
7d0656b0-17ec-456a-8051-85f06392c3a5,Rosa spray Dominica 50cm
0c644a1e-e47c-4202-92c5-93ebe41042b2,Rosa Furiosa 40cm
f81ecf12-1e94-49f2-8a63-468dc781f646,Rosa spray Julietta 80cm
e6c76021-3ca3-4ee1-9774-28f52a18fb15,Rosa large flowered Wham 50cm
7d3415c7-0611-4a22-bc67-f463f1312006,Bandolero - Length 70
3863f3a3-8039-49a3-8942-cad9f4d9eac4,Classic Sensation 60
673d7aad-3ff2-4d2b-8040-5bfe6adad3f9,Madam Bombastic 50
da8ca7d1-0032-42e5-9ec1-2ed32b09c1d3,Alstroemeria Beluga 70cm
da95a42e-7a17-40c8-9e83-787b62babbf3,Rosa Nightingale 60cm
2ceaf3eb-3191-4094-b012-c6b58ddea81b,Rosa large flowered Madam Cerise 60cm
513ffa25-4319-4c1f-a106-729d6ad8a72a,Rosa large flowered mixed- Length 50
3d5b3b4d-f7a0-440f-b481-bba3de95a2c9,Alstroemeria Lady Marmalade 70cm
3cdac398-b38c-4e49-819e-0b3a29dda2d1,Rosa spray Lyrica 70cm
061fccf3-1dbe-4bc6-98f0-5f31c3205ad7,Femke 60cm
d49a3ab3-8fad-4de9-a43b-dafc9f75bfb5,Classic Sensation - Length 70
ad6cec92-e98c-4686-ad42-61be20ebc281,Azore 50
bc566f0f-ab2a-435d-bb69-c97fae9b9d44,Ivory Flow - Length 70
99e28bd7-1cd5-4d84-a2b1-60efaa4c91e5,Dinara 50
894e2730-a5e9-4b3f-85bc-9c798bea1265,Rosa spray Lyrica 50cm
e3a5c3a3-268e-400e-9398-24f33bfdd965,Rosa large flowered Desert Rose 60cm
fa369580-4763-4066-9f9c-408cf270e558,Alstroemeria Lovely 70cm
d4369f3f-fdbb-443d-9b88-ee5f547ef577,Wedding Party 50
b529d394-908b-4668-affd-79a578b0fae0,Rosa spray Land of Fire 60cm
a9669630-c1a4-476f-a39a-c3f62b3a2570,Rosa large flowered Yelloween 50cm
2eeaf328-434c-4675-a311-1bfc143759f0,Rosa large flowered Red Bentley 60cm
8a92a572-f885-45be-a501-607885aa99ae,Rosa spray Marisa 60cm
dc8f110f-2ded-4b0c-898a-8bd424a88c74,Green Glow 50
a1664a8d-0b11-4b79-9dba-b4a483935543,Inger Kristine 60cm
c81fa93f-4d0b-4092-9e47-9442d4afb1a6,Flinders Lane
a0fa64ec-2523-4b0e-b9a8-4acc4ef24a9e,Eyeliner - Length 70
465e0fcb-e3a2-40b9-bde4-8a6499c958f4,Rosa large flowered Ever Red 60cm
0b28b987-5bdb-4a30-875a-6732950798ec,Rosa Tapdance 40cm
b689a646-3a3f-44ee-9009-adf88cd4b124,Summer Dance 60
584c47a0-e8c5-4831-81b2-fade15a2c656,Rosa spray Lyrica 60cm
c21e03e8-54bb-4af4-b8c2-5453a1e70ad2,Rosa spray Julietta 70cm
c0b3d688-0eba-4536-bfdb-7a0dbccb9bf9,Odilia 50
45153ba9-1c11-455c-97a0-0fa3fdd557bf,Rosa large flowered Wham 70cm
51097d85-c219-4513-96c0-dedf8fbdfe6e,Rosa large flowered Pegasso 50cm
5ab13661-adc8-45a8-ba1c-3970c45003d8,Rosa spray Rosanella 60cm
f75456c5-c8e7-4aac-a637-51149158b509,Rosa large flowered Snowstorm+ 60cm
a0bdb6d6-6c35-4ccb-b7bc-bb41bea106a5,Ivory Flow 50
62af9fad-2a0a-479c-822f-44b151fa047e,Fireworks 50
8f871718-c308-4af8-8460-65584b197237,Rosa large flowered NovaVita 60cm
571288f2-d7df-4123-9291-d1e3911a636c,Rosa large flowered Wendy Kristy 60cm
563d54d7-12b2-4bf9-a3dd-783d30211b7e,Rosa Fuchsiana 50cm
aec1f3f9-1c45-4d11-8bf4-1acb71e5913e,Fireworks 60
12907391-8d1d-41ba-86b7-9ad66a8c99f3,Rosa spray Tessa
58899a6e-56cb-48d1-b3f9-1aa68b35e8b1,Giselle 60cm
c233b6fc-56d8-4e70-9a53-32515cd8dd04,Rosa large flowered Orange Wave 70cm
a95596dd-2aa5-442d-a7a7-68b92aeb4d1a,Rosa large flowered Red Bentley 70cm
f8cc8502-1efe-46b2-91f4-a54166909131,Rosa spray Julietta 60cm
ccf9429e-da1b-4018-9c58-8a322562ad06,Rosa Tapdance 50cm
72c675e4-6997-43f4-8016-8b62fc7e525b,Alstroemeria Gold 70cm
870111d6-c674-4378-a2ab-ecec4863ff30,Rosa large flowered Pink Rhodos 50cm
69faf53a-de0b-47f0-bed3-c0b4e7bc9186,Rosa Large Flowered Candidate 50cm
a5120dcd-b19d-44b1-b4e8-3ec9d21749e5,Rosa spray Snowflake 60cm
4818156f-e8da-4bc5-9180-9228ed314dcf,Rosa spray Leila 60cm
7811ba28-b324-4952-93ec-b7254e98a6ad,Smashing - Length 70
dd426891-c6d4-4eba-8950-3837c12829d7,Fair Flow 50
217d6a7b-1a40-4eed-aaf4-d21e0cfee8fd,Rosa large flowered Thriller 60cm
bb8cd4db-3ea8-47c1-a732-a958835025e0,Rosa large flowered Red Bentley 50cm
71428412-83cc-4780-9835-fbd0a93c831e,Odilia - Length 70
3ed8c59a-869d-47f5-bb30-8fc178fd8c85,Rosa Amina 60cm
9c9db354-8a2c-4cb8-9dc5-16d01a5e3b7a,Sweet Sara 60
90dea807-3baa-47be-a3b6-a7463b7c1f32,Rosa Copacabana 60cm
b3ced92f-0bc5-49b0-9e9f-f779cab05cb4,Summer Dance 70
f306af12-ad29-416f-ae7d-a26f46735bf9,Rosa large flowered Charlize 60cm
854a886f-c366-4580-b550-b6435c2b3eb3,Zaddique 60
1b745a5b-a6f9-46e6-9fa9-b05131357159,Rosa Smoothie 60cm
6bf063f6-f974-43a2-919f-84e8dfe42d2a,Rosa Confidential 60cm
316c3f1d-0f8c-453d-a18d-1577a8e2715d,Rosa large flowered Wendy Kristy 70cm
11271e8b-d9ba-445d-a194-a6e1b6f67369,Rosa spray Leila 50cm
e03a8b42-14e1-4c9a-9c4d-c99254bd9d36,Rosa Pink Ice 60cm
1f8aaba4-a25b-4ea6-a9f7-fb2f8de183af,Rosa Red Calypso 60cm
f45af31a-9376-45a5-88f1-ba4809534c49,Rosa spray Alexine
3e0a8438-5acb-411c-8e5d-4b11f5e82e6e,Belalinda Cerise 70cm
e9d5ded1-a3b7-4707-b367-cae76d6915d2,Cheyenne 50
b0f0cf05-7e7a-46ff-8c19-c519783b335e,Rosa large flowered Charlize 70cm
330bfdc9-2b87-483c-81ec-17120de11177,Rosa large flowered Wham 60cm
19b3d81d-3199-447b-9753-be0d69b08e9f,Ice Flow 50
8b640736-77b4-4439-9cd0-fe2c1b5b366c,Rosa Copacabana 70cm
680c86d9-84a6-46bb-9c28-10a691e827df,Documentation Fee
4319973a-4b7d-4deb-8b0d-fa5b7b09eaef,Gypsophila Xlence 60/15
880567dd-19ae-4d61-bfa0-7901902da725,Rosa spray Dominica 60cm
7c1cdb10-1496-4692-b9d0-a791a0d69617,Rosa Pink Ice 50cm
9347ba34-c0bd-42ee-82e3-9dcf3118c024,Eyeliner 60
9239de35-8c81-4ac2-a0ba-f1553ac87d73,Rosa Moonwalk 50cm
4c0aacd4-c3c3-42ea-a0ad-147d6b118282,Rosa large flowered Silantoi 70cm
ba8ad67f-39ce-44df-9dc8-e31e6b66e0bb,Miss Bombastic 50
90565088-89b2-40d7-b613-32473dec6ba5,Rosa large flowered Tycoon 50cm
f1c839e4-7389-4905-9085-1f64d4618afd,Gypsophila Xlence 70/20
af4ae245-e65c-4377-a748-cadbc27b02c5,Rosa spray Red Trendsetter
74c283ff-3100-47af-98d5-5d5655ff93fc,Sweet Flow 60
696c6b9a-e228-4055-94a4-99c157437628,Snow Bubble - Length 70
293125ea-633c-4478-b21a-370e97e66bb7,Rosa spray Sancerre
e07fc395-1c4a-43b2-9dae-ad9afb88cf77,Rosa large flowered Brooke 60cm
aa2918c7-da63-4f49-b830-ca56bca03e3c,Rosa large flowered Yelloween 60cm
82ec06be-d001-46dd-89f8-4c4070c6f8cd,Rosa Nightingale 40cm
36314404-2afc-4dac-98a9-24e2cc74b7a0,Rosa Athena 60cm
6d9e27d7-75b9-46d0-8d4a-b08d5cbcf321,Smashing 60
e53259cf-aea6-49cb-8b6a-10bb500ac628,Lady Bombastic 60
8ef8754e-a588-4941-9ff9-79aa08d2c15f,Salinero
56869b44-9151-48d7-ad1c-58d7c81bf2cf,Rosa large flowered Desert Rose 70cm
66897e49-255f-4878-ab1c-0b1e18f612e9,Rosa Nightingale 50cm
968d7895-038d-4a1f-8e02-15b58b8555b3,Silver Shadow 50
869d5acf-a6ed-4cc1-8be7-90925c475f9e,Rosa large flowered NovaVita 50cm
5fda09ca-e9c2-4c21-b496-4c7010ba1b34,Rosa Madam Red 60cm
92a2aada-1b46-4fcd-96f3-6381839eb46c,Royal Porcelina 50
52293c49-e6e6-4331-ad9e-d8bfe1ef7616,Rosa large flowered Espana 60cm
352e8feb-a88f-4701-95a7-ef6ee84e2880,Summer Dance 50
a7d194e2-f781-4874-9188-d70be034c35b,Alstroemeria Lady Marmalade 60cm
eaf7730a-2e60-4334-aa98-109bd2c6a91f,Rosa Furiosa 50cm
2b3a4512-556d-4e1e-995b-c90f92e38ec0,Lepidium Green Dragon L50
74b6a45f-dcba-4e19-83fb-04f469914572,Rosa large flowered Tycoon 70
11c39ad8-2b48-4d44-858d-bab2cec8266b,Rosa Upper Class 40cm
7655d492-463c-4c28-b9f6-4b34ece4120e,Rosa large flowered Espana 70cm
00cff5fa-8ecb-4b42-8624-16495b7cae41,Sweet Sarah 50
0b6770d5-3699-43b0-8ae8-7bedeb5eddab,Rosa large flowered Pegasso 70cm
a441505d-1a6d-44a3-a189-21ed36e17ddc,Rosa large flowered Ever Red 50cm
69de0333-dade-4e27-b587-c4584b1b8f57,Rosa Aqua! 50cm
32abddd8-9aa0-4fa6-9b7b-7fb6cd8a480b,Rosa spray Alicia 50cm
04e4acb8-4db0-4a1a-9bca-a52dbc4b3f28,Rosa large flowered mixed- Length 60
060883f5-c1fd-4c66-a086-b7d1591a23db,Classic Sensation 50
a5b025d5-4f02-4427-83e1-2cec4066082f,Leather Fern 60cm
25367ee8-428d-4a66-bc69-b7011fefb61f,Green Glow - Length 70
b95d7805-5faa-46ef-b598-200d6797794e,Wedding Party - Length 70
c8afbc5e-b522-48c2-8d73-d5e7b07b9642,Rosa Mixed in box 60cm
1707eef7-b989-438c-8031-eb3040153166,Rosa spray Bombastic
ca1abd47-d135-4b29-8b63-8128d3a6f3d0,Rosa large flowered Snowstorm+ 70cm
d7832d2c-6980-45de-910c-a621bd9d1ded,Azore - Length 70
0fd67d9d-1d01-4774-8c94-163452942e61,Rosa large flowered Silantoi 60cm
